mushroom_name_he,language,mushroom_name_en,keyword,category,id,created_date,updated_date,created_by_id,is_sample
"טרמלה","he","Tremella","יובש","condition","69bb39bf2b171c8a6a8b799a","2026-03-18T23:48:15.694000","2026-03-18T23:48:15.694000","69987acaab66604ab48d5f4e","false"
"טרמלה","he","Tremella","קולגן","benefit","69bb39bf2b171c8a6a8b799b","2026-03-18T23:48:15.694000","2026-03-18T23:48:15.694000","69987acaab66604ab48d5f4e","false"
"טרמלה","he","Tremella","הידרציה","benefit","69bb39bf2b171c8a6a8b799c","2026-03-18T23:48:15.694000","2026-03-18T23:48:15.694000","69987acaab66604ab48d5f4e","false"
"טרמלה","he","Tremella","אנטי אייג'ינג","benefit","69bb39bf2b171c8a6a8b799d","2026-03-18T23:48:15.694000","2026-03-18T23:48:15.694000","69987acaab66604ab48d5f4e","false"
"טרמלה","he","Tremella","הזדקנות","condition","69bb39bf2b171c8a6a8b799e","2026-03-18T23:48:15.694000","2026-03-18T23:48:15.694000","69987acaab66604ab48d5f4e","false"
"טרמלה","he","Tremella","קמטים","condition","69bb39bf2b171c8a6a8b799f","2026-03-18T23:48:15.694000","2026-03-18T23:48:15.694000","69987acaab66604ab48d5f4e","false"
"טרמלה","he","Tremella","אקזמה","condition","69bb39bf2b171c8a6a8b79a0","2026-03-18T23:48:15.694000","2026-03-18T23:48:15.694000","69987acaab66604ab48d5f4e","false"
"טרמלה","he","Tremella","פסוריאזיס","condition","69bb39bf2b171c8a6a8b79a1","2026-03-18T23:48:15.694000","2026-03-18T23:48:15.694000","69987acaab66604ab48d5f4e","false"
"טרמלה","he","Tremella","מפרקים","condition","69bb39bf2b171c8a6a8b79a2","2026-03-18T23:48:15.694000","2026-03-18T23:48:15.694000","69987acaab66604ab48d5f4e","false"
"טרמלה","he","Tremella","יופי","benefit","69bb39bf2b171c8a6a8b79a3","2026-03-18T23:48:15.694000","2026-03-18T23:48:15.694000","69987acaab66604ab48d5f4e","false"
"טרמלה","en","Tremella","skin","benefit","69bb39bf2b171c8a6a8b79a4","2026-03-18T23:48:15.694000","2026-03-18T23:48:15.694000","69987acaab66604ab48d5f4e","false"
"טרמלה","en","Tremella","hydration","benefit","69bb39bf2b171c8a6a8b79a5","2026-03-18T23:48:15.694000","2026-03-18T23:48:15.694000","69987acaab66604ab48d5f4e","false"
"טרמלה","en","Tremella","dry skin","condition","69bb39bf2b171c8a6a8b79a6","2026-03-18T23:48:15.694000","2026-03-18T23:48:15.694000","69987acaab66604ab48d5f4e","false"
"טרמלה","en","Tremella","collagen","benefit","69bb39bf2b171c8a6a8b79a7","2026-03-18T23:48:15.694000","2026-03-18T23:48:15.694000","69987acaab66604ab48d5f4e","false"
"טרמלה","en","Tremella","anti-aging","benefit","69bb39bf2b171c8a6a8b79a8","2026-03-18T23:48:15.694000","2026-03-18T23:48:15.694000","69987acaab66604ab48d5f4e","false"
"טרמלה","en","Tremella","wrinkles","condition","69bb39bf2b171c8a6a8b79a9","2026-03-18T23:48:15.694000","2026-03-18T23:48:15.694000","69987acaab66604ab48d5f4e","false"
"טרמלה","en","Tremella","eczema","condition","69bb39bf2b171c8a6a8b79aa","2026-03-18T23:48:15.694000","2026-03-18T23:48:15.694000","69987acaab66604ab48d5f4e","false"
"טרמלה","en","Tremella","psoriasis","condition","69bb39bf2b171c8a6a8b79ab","2026-03-18T23:48:15.694000","2026-03-18T23:48:15.694000","69987acaab66604ab48d5f4e","false"
"טרמלה","en","Tremella","beauty","benefit","69bb39bf2b171c8a6a8b79ac","2026-03-18T23:48:15.694000","2026-03-18T23:48:15.694000","69987acaab66604ab48d5f4e","false"
"טרמלה","en","Tremella","joints","condition","69bb39bf2b171c8a6a8b79ad","2026-03-18T23:48:15.694000","2026-03-18T23:48:15.694000","69987acaab66604ab48d5f4e","false"
"טרמלה","en","Tremella","snow mushroom","name","69bb39bf2b171c8a6a8b79ae","2026-03-18T23:48:15.694000","2026-03-18T23:48:15.694000","69987acaab66604ab48d5f4e","false"
"ריישי","he","Reishi","אלרגיות","condition","69bb39bf2b171c8a6a8b792e","2026-03-18T23:48:15.693000","2026-03-18T23:48:15.693000","69987acaab66604ab48d5f4e","false"
"ריישי","he","Reishi","מיגרנה","condition","69bb39bf2b171c8a6a8b792f","2026-03-18T23:48:15.693000","2026-03-18T23:48:15.693000","69987acaab66604ab48d5f4e","false"
"ריישי","he","Reishi","כאב ראש","symptom","69bb39bf2b171c8a6a8b7930","2026-03-18T23:48:15.693000","2026-03-18T23:48:15.693000","69987acaab66604ab48d5f4e","false"
"ריישי","he","Reishi","PTSD","condition","69bb39bf2b171c8a6a8b7931","2026-03-18T23:48:15.693000","2026-03-18T23:48:15.693000","69987acaab66604ab48d5f4e","false"
"ריישי","he","Reishi","טראומה","condition","69bb39bf2b171c8a6a8b7932","2026-03-18T23:48:15.693000","2026-03-18T23:48:15.693000","69987acaab66604ab48d5f4e","false"
"ריישי","he","Reishi","קרוהן","condition","69bb39bf2b171c8a6a8b7933","2026-03-18T23:48:15.693000","2026-03-18T23:48:15.693000","69987acaab66604ab48d5f4e","false"
"ריישי","en","Reishi","sleep","benefit","69bb39bf2b171c8a6a8b7934","2026-03-18T23:48:15.693000","2026-03-18T23:48:15.693000","69987acaab66604ab48d5f4e","false"
"ריישי","en","Reishi","insomnia","condition","69bb39bf2b171c8a6a8b7935","2026-03-18T23:48:15.693000","2026-03-18T23:48:15.693000","69987acaab66604ab48d5f4e","false"
"ריישי","en","Reishi","stress","symptom","69bb39bf2b171c8a6a8b7936","2026-03-18T23:48:15.693000","2026-03-18T23:48:15.693000","69987acaab66604ab48d5f4e","false"
"ריישי","en","Reishi","anxiety","condition","69bb39bf2b171c8a6a8b7937","2026-03-18T23:48:15.693000","2026-03-18T23:48:15.693000","69987acaab66604ab48d5f4e","false"
"ריישי","en","Reishi","immune system","benefit","69bb39bf2b171c8a6a8b7938","2026-03-18T23:48:15.693000","2026-03-18T23:48:15.693000","69987acaab66604ab48d5f4e","false"
"ריישי","en","Reishi","blood pressure","condition","69bb39bf2b171c8a6a8b7939","2026-03-18T23:48:15.693000","2026-03-18T23:48:15.693000","69987acaab66604ab48d5f4e","false"
"ריישי","en","Reishi","cholesterol","condition","69bb39bf2b171c8a6a8b793a","2026-03-18T23:48:15.693000","2026-03-18T23:48:15.693000","69987acaab66604ab48d5f4e","false"
"ריישי","en","Reishi","liver","condition","69bb39bf2b171c8a6a8b793b","2026-03-18T23:48:15.693000","2026-03-18T23:48:15.693000","69987acaab66604ab48d5f4e","false"
"ריישי","en","Reishi","diabetes","condition","69bb39bf2b171c8a6a8b793c","2026-03-18T23:48:15.693000","2026-03-18T23:48:15.693000","69987acaab66604ab48d5f4e","false"
"ריישי","en","Reishi","cancer","condition","69bb39bf2b171c8a6a8b793d","2026-03-18T23:48:15.693000","2026-03-18T23:48:15.693000","69987acaab66604ab48d5f4e","false"
"ריישי","en","Reishi","autoimmune","condition","69bb39bf2b171c8a6a8b793e","2026-03-18T23:48:15.693000","2026-03-18T23:48:15.693000","69987acaab66604ab48d5f4e","false"
"ריישי","en","Reishi","fibromyalgia","condition","69bb39bf2b171c8a6a8b793f","2026-03-18T23:48:15.693000","2026-03-18T23:48:15.693000","69987acaab66604ab48d5f4e","false"
"ריישי","en","Reishi","asthma","condition","69bb39bf2b171c8a6a8b7940","2026-03-18T23:48:15.693000","2026-03-18T23:48:15.693000","69987acaab66604ab48d5f4e","false"
"ריישי","en","Reishi","migraine","condition","69bb39bf2b171c8a6a8b7941","2026-03-18T23:48:15.693000","2026-03-18T23:48:15.693000","69987acaab66604ab48d5f4e","false"
"ריישי","en","Reishi","PTSD","condition","69bb39bf2b171c8a6a8b7942","2026-03-18T23:48:15.693000","2026-03-18T23:48:15.693000","69987acaab66604ab48d5f4e","false"
"ריישי","en","Reishi","crohn","condition","69bb39bf2b171c8a6a8b7943","2026-03-18T23:48:15.693000","2026-03-18T23:48:15.693000","69987acaab66604ab48d5f4e","false"
"קורדיספס","he","Cordyceps","קורדיספס","name","69bb39bf2b171c8a6a8b7944","2026-03-18T23:48:15.693000","2026-03-18T23:48:15.693000","69987acaab66604ab48d5f4e","false"
"קורדיספס","en","Cordyceps","Cordyceps","name","69bb39bf2b171c8a6a8b7945","2026-03-18T23:48:15.693000","2026-03-18T23:48:15.693000","69987acaab66604ab48d5f4e","false"
"קורדיספס","en","Cordyceps","Cordyceps militaris","scientific_name","69bb39bf2b171c8a6a8b7946","2026-03-18T23:48:15.693000","2026-03-18T23:48:15.693000","69987acaab66604ab48d5f4e","false"
"קורדיספס","he","Cordyceps","אנרגיה","benefit","69bb39bf2b171c8a6a8b7947","2026-03-18T23:48:15.693000","2026-03-18T23:48:15.693000","69987acaab66604ab48d5f4e","false"
"קורדיספס","he","Cordyceps","עייפות","condition","69bb39bf2b171c8a6a8b7948","2026-03-18T23:48:15.693000","2026-03-18T23:48:15.693000","69987acaab66604ab48d5f4e","false"
"קורדיספס","he","Cordyceps","עייפות כרונית","condition","69bb39bf2b171c8a6a8b7949","2026-03-18T23:48:15.693000","2026-03-18T23:48:15.693000","69987acaab66604ab48d5f4e","false"
"קורדיספס","he","Cordyceps","סיבולת","benefit","69bb39bf2b171c8a6a8b794a","2026-03-18T23:48:15.693000","2026-03-18T23:48:15.693000","69987acaab66604ab48d5f4e","false"
"קורדיספס","he","Cordyceps","ספורט","benefit","69bb39bf2b171c8a6a8b794b","2026-03-18T23:48:15.693000","2026-03-18T23:48:15.693000","69987acaab66604ab48d5f4e","false"
"קורדיספס","he","Cordyceps","ביצועים","benefit","69bb39bf2b171c8a6a8b794c","2026-03-18T23:48:15.693000","2026-03-18T23:48:15.693000","69987acaab66604ab48d5f4e","false"
"קורדיספס","he","Cordyceps","נשימה","benefit","69bb39bf2b171c8a6a8b794d","2026-03-18T23:48:15.693000","2026-03-18T23:48:15.693000","69987acaab66604ab48d5f4e","false"
"קורדיספס","he","Cordyceps","אסתמה","condition","69bb39bf2b171c8a6a8b794e","2026-03-18T23:48:15.693000","2026-03-18T23:48:15.693000","69987acaab66604ab48d5f4e","false"
"קורדיספס","he","Cordyceps","כליות","condition","69bb39bf2b171c8a6a8b794f","2026-03-18T23:48:15.693000","2026-03-18T23:48:15.693000","69987acaab66604ab48d5f4e","false"
"קורדיספס","he","Cordyceps","ATP","benefit","69bb39bf2b171c8a6a8b7950","2026-03-18T23:48:15.693000","2026-03-18T23:48:15.693000","69987acaab66604ab48d5f4e","false"
"קורדיספס","he","Cordyceps","מיטוכונדריה","benefit","69bb39bf2b171c8a6a8b7951","2026-03-18T23:48:15.693000","2026-03-18T23:48:15.693000","69987acaab66604ab48d5f4e","false"
"קורדיספס","en","Cordyceps","energy","benefit","69bb39bf2b171c8a6a8b7952","2026-03-18T23:48:15.693000","2026-03-18T23:48:15.693000","69987acaab66604ab48d5f4e","false"
"קורדיספס","en","Cordyceps","fatigue","condition","69bb39bf2b171c8a6a8b7953","2026-03-18T23:48:15.693000","2026-03-18T23:48:15.693000","69987acaab66604ab48d5f4e","false"
"קורדיספס","en","Cordyceps","chronic fatigue","condition","69bb39bf2b171c8a6a8b7954","2026-03-18T23:48:15.693000","2026-03-18T23:48:15.693000","69987acaab66604ab48d5f4e","false"
"קורדיספס","en","Cordyceps","stamina","benefit","69bb39bf2b171c8a6a8b7955","2026-03-18T23:48:15.693000","2026-03-18T23:48:15.693000","69987acaab66604ab48d5f4e","false"
"קורדיספס","en","Cordyceps","athletic performance","benefit","69bb39bf2b171c8a6a8b7956","2026-03-18T23:48:15.693000","2026-03-18T23:48:15.693000","69987acaab66604ab48d5f4e","false"
"קורדיספס","en","Cordyceps","endurance","benefit","69bb39bf2b171c8a6a8b7957","2026-03-18T23:48:15.693000","2026-03-18T23:48:15.693000","69987acaab66604ab48d5f4e","false"
"קורדיספס","en","Cordyceps","respiratory","benefit","69bb39bf2b171c8a6a8b7958","2026-03-18T23:48:15.693000","2026-03-18T23:48:15.693000","69987acaab66604ab48d5f4e","false"
"קורדיספס","en","Cordyceps","asthma","condition","69bb39bf2b171c8a6a8b7959","2026-03-18T23:48:15.693000","2026-03-18T23:48:15.693000","69987acaab66604ab48d5f4e","false"
"קורדיספס","en","Cordyceps","kidney","condition","69bb39bf2b171c8a6a8b795a","2026-03-18T23:48:15.693000","2026-03-18T23:48:15.693000","69987acaab66604ab48d5f4e","false"
"קורדיספס","en","Cordyceps","oxygen","benefit","69bb39bf2b171c8a6a8b795b","2026-03-18T23:48:15.693000","2026-03-18T23:48:15.693000","69987acaab66604ab48d5f4e","false"
"קורדיספס","en","Cordyceps","vitality","benefit","69bb39bf2b171c8a6a8b795c","2026-03-18T23:48:15.693000","2026-03-18T23:48:15.693000","69987acaab66604ab48d5f4e","false"
"צ'אגה","he","Chaga","צ'אגה","name","69bb39bf2b171c8a6a8b795d","2026-03-18T23:48:15.693000","2026-03-18T23:48:15.693000","69987acaab66604ab48d5f4e","false"
"צ'אגה","en","Chaga","Chaga","name","69bb39bf2b171c8a6a8b795e","2026-03-18T23:48:15.693000","2026-03-18T23:48:15.693000","69987acaab66604ab48d5f4e","false"
"צ'אגה","en","Chaga","Inonotus obliquus","scientific_name","69bb39bf2b171c8a6a8b795f","2026-03-18T23:48:15.693000","2026-03-18T23:48:15.693000","69987acaab66604ab48d5f4e","false"
"צ'אגה","he","Chaga","נוגדי חמצון","benefit","69bb39bf2b171c8a6a8b7960","2026-03-18T23:48:15.693000","2026-03-18T23:48:15.693000","69987acaab66604ab48d5f4e","false"
"צ'אגה","he","Chaga","אנטי אייג'ינג","benefit","69bb39bf2b171c8a6a8b7961","2026-03-18T23:48:15.693000","2026-03-18T23:48:15.693000","69987acaab66604ab48d5f4e","false"
"צ'אגה","he","Chaga","הזדקנות","condition","69bb39bf2b171c8a6a8b7962","2026-03-18T23:48:15.693000","2026-03-18T23:48:15.693000","69987acaab66604ab48d5f4e","false"
"צ'אגה","he","Chaga","דלקת כרונית","condition","69bb39bf2b171c8a6a8b7963","2026-03-18T23:48:15.693000","2026-03-18T23:48:15.693000","69987acaab66604ab48d5f4e","false"
"צ'אגה","he","Chaga","דלקת","condition","69bb39bf2b171c8a6a8b7964","2026-03-18T23:48:15.693000","2026-03-18T23:48:15.693000","69987acaab66604ab48d5f4e","false"
"צ'אגה","he","Chaga","עור","benefit","69bb39bf2b171c8a6a8b7965","2026-03-18T23:48:15.693000","2026-03-18T23:48:15.693000","69987acaab66604ab48d5f4e","false"
"צ'אגה","he","Chaga","סכרת","condition","69bb39bf2b171c8a6a8b7966","2026-03-18T23:48:15.693000","2026-03-18T23:48:15.693000","69987acaab66604ab48d5f4e","false"
"צ'אגה","he","Chaga","כולסטרול","condition","69bb39bf2b171c8a6a8b7967","2026-03-18T23:48:15.693000","2026-03-18T23:48:15.693000","69987acaab66604ab48d5f4e","false"
"צ'אגה","he","Chaga","סרטן","condition","69bb39bf2b171c8a6a8b7968","2026-03-18T23:48:15.693000","2026-03-18T23:48:15.693000","69987acaab66604ab48d5f4e","false"
"צ'אגה","he","Chaga","מערכת חיסון","benefit","69bb39bf2b171c8a6a8b7969","2026-03-18T23:48:15.693000","2026-03-18T23:48:15.693000","69987acaab66604ab48d5f4e","false"
"צ'אגה","he","Chaga","אוטואימוני","condition","69bb39bf2b171c8a6a8b796a","2026-03-18T23:48:15.693000","2026-03-18T23:48:15.693000","69987acaab66604ab48d5f4e","false"
"צ'אגה","he","Chaga","וסקוליטיס","condition","69bb39bf2b171c8a6a8b796b","2026-03-18T23:48:15.693000","2026-03-18T23:48:15.693000","69987acaab66604ab48d5f4e","false"
"צ'אגה","en","Chaga","antioxidant","benefit","69bb39bf2b171c8a6a8b796c","2026-03-18T23:48:15.693000","2026-03-18T23:48:15.693000","69987acaab66604ab48d5f4e","false"
"צ'אגה","en","Chaga","anti-aging","benefit","69bb39bf2b171c8a6a8b796d","2026-03-18T23:48:15.693000","2026-03-18T23:48:15.693000","69987acaab66604ab48d5f4e","false"
"צ'אגה","en","Chaga","inflammation","condition","69bb39bf2b171c8a6a8b796e","2026-03-18T23:48:15.693000","2026-03-18T23:48:15.693000","69987acaab66604ab48d5f4e","false"
"צ'אגה","en","Chaga","chronic inflammation","condition","69bb39bf2b171c8a6a8b796f","2026-03-18T23:48:15.693000","2026-03-18T23:48:15.693000","69987acaab66604ab48d5f4e","false"
"צ'אגה","en","Chaga","skin","benefit","69bb39bf2b171c8a6a8b7970","2026-03-18T23:48:15.693000","2026-03-18T23:48:15.693000","69987acaab66604ab48d5f4e","false"
"צ'אגה","en","Chaga","diabetes","condition","69bb39bf2b171c8a6a8b7971","2026-03-18T23:48:15.693000","2026-03-18T23:48:15.693000","69987acaab66604ab48d5f4e","false"
"צ'אגה","en","Chaga","cholesterol","condition","69bb39bf2b171c8a6a8b7972","2026-03-18T23:48:15.693000","2026-03-18T23:48:15.693000","69987acaab66604ab48d5f4e","false"
"צ'אגה","en","Chaga","cancer","condition","69bb39bf2b171c8a6a8b7973","2026-03-18T23:48:15.693000","2026-03-18T23:48:15.693000","69987acaab66604ab48d5f4e","false"
"צ'אגה","en","Chaga","autoimmune","condition","69bb39bf2b171c8a6a8b7974","2026-03-18T23:48:15.693000","2026-03-18T23:48:15.693000","69987acaab66604ab48d5f4e","false"
"צ'אגה","en","Chaga","aging","condition","69bb39bf2b171c8a6a8b7975","2026-03-18T23:48:15.693000","2026-03-18T23:48:15.693000","69987acaab66604ab48d5f4e","false"
"צ'אגה","en","Chaga","oxidative stress","condition","69bb39bf2b171c8a6a8b7976","2026-03-18T23:48:15.693000","2026-03-18T23:48:15.693000","69987acaab66604ab48d5f4e","false"
"זנב התרנגול","he","Turkey Tail","זנב התרנגול","name","69bb39bf2b171c8a6a8b7977","2026-03-18T23:48:15.693000","2026-03-18T23:48:15.693000","69987acaab66604ab48d5f4e","false"
"זנב התרנגול","en","Turkey Tail","Turkey Tail","name","69bb39bf2b171c8a6a8b7978","2026-03-18T23:48:15.693000","2026-03-18T23:48:15.693000","69987acaab66604ab48d5f4e","false"
"זנב התרנגול","en","Turkey Tail","Trametes versicolor","scientific_name","69bb39bf2b171c8a6a8b7979","2026-03-18T23:48:15.693000","2026-03-18T23:48:15.693000","69987acaab66604ab48d5f4e","false"
"זנב התרנגול","he","Turkey Tail","חיסון","benefit","69bb39bf2b171c8a6a8b797a","2026-03-18T23:48:15.693000","2026-03-18T23:48:15.693000","69987acaab66604ab48d5f4e","false"
"זנב התרנגול","he","Turkey Tail","מערכת חיסון","benefit","69bb39bf2b171c8a6a8b797b","2026-03-18T23:48:15.693000","2026-03-18T23:48:15.693000","69987acaab66604ab48d5f4e","false"
"זנב התרנגול","he","Turkey Tail","סרטן","condition","69bb39bf2b171c8a6a8b797c","2026-03-18T23:48:15.693000","2026-03-18T23:48:15.693000","69987acaab66604ab48d5f4e","false"
"זנב התרנגול","he","Turkey Tail","כימותרפיה","condition","69bb39bf2b171c8a6a8b797d","2026-03-18T23:48:15.693000","2026-03-18T23:48:15.693000","69987acaab66604ab48d5f4e","false"
"זנב התרנגול","he","Turkey Tail","מיקרוביום","benefit","69bb39bf2b171c8a6a8b797e","2026-03-18T23:48:15.693000","2026-03-18T23:48:15.693000","69987acaab66604ab48d5f4e","false"
"זנב התרנגול","he","Turkey Tail","מעי","benefit","69bb39bf2b171c8a6a8b797f","2026-03-18T23:48:15.693000","2026-03-18T23:48:15.693000","69987acaab66604ab48d5f4e","false"
"זנב התרנגול","he","Turkey Tail","פרוביוטיקה","benefit","69bb39bf2b171c8a6a8b7980","2026-03-18T23:48:15.693000","2026-03-18T23:48:15.693000","69987acaab66604ab48d5f4e","false"
"זנב התרנגול","he","Turkey Tail","מעי רגיז","condition","69bb39bf2b171c8a6a8b7981","2026-03-18T23:48:15.693000","2026-03-18T23:48:15.693000","69987acaab66604ab48d5f4e","false"
"זנב התרנגול","he","Turkey Tail","קרוהן","condition","69bb39bf2b171c8a6a8b7982","2026-03-18T23:48:15.693000","2026-03-18T23:48:15.693000","69987acaab66604ab48d5f4e","false"
"זנב התרנגול","he","Turkey Tail","קוליטיס","condition","69bb39bf2b171c8a6a8b7983","2026-03-18T23:48:15.693000","2026-03-18T23:48:15.693000","69987acaab66604ab48d5f4e","false"
"זנב התרנגול","he","Turkey Tail","אוטואימוני","condition","69bb39bf2b171c8a6a8b7984","2026-03-18T23:48:15.693000","2026-03-18T23:48:15.693000","69987acaab66604ab48d5f4e","false"
"זנב התרנגול","he","Turkey Tail","פרקינסון","condition","69bb39bf2b171c8a6a8b7985","2026-03-18T23:48:15.693000","2026-03-18T23:48:15.693000","69987acaab66604ab48d5f4e","false"
"זנב התרנגול","he","Turkey Tail","אלצהיימר","condition","69bb39bf2b171c8a6a8b7986","2026-03-18T23:48:15.693000","2026-03-18T23:48:15.693000","69987acaab66604ab48d5f4e","false"
"זנב התרנגול","he","Turkey Tail","צליאק","condition","69bb39bf2b171c8a6a8b7987","2026-03-18T23:48:15.693000","2026-03-18T23:48:15.693000","69987acaab66604ab48d5f4e","false"
"זנב התרנגול","he","Turkey Tail","קנדידה","condition","69bb39bf2b171c8a6a8b7988","2026-03-18T23:48:15.693000","2026-03-18T23:48:15.693000","69987acaab66604ab48d5f4e","false"
"זנב התרנגול","en","Turkey Tail","immune","benefit","69bb39bf2b171c8a6a8b7989","2026-03-18T23:48:15.693000","2026-03-18T23:48:15.693000","69987acaab66604ab48d5f4e","false"
"זנב התרנגול","en","Turkey Tail","immunity","benefit","69bb39bf2b171c8a6a8b798a","2026-03-18T23:48:15.693000","2026-03-18T23:48:15.693000","69987acaab66604ab48d5f4e","false"
"זנב התרנגול","en","Turkey Tail","cancer","condition","69bb39bf2b171c8a6a8b798b","2026-03-18T23:48:15.693000","2026-03-18T23:48:15.693000","69987acaab66604ab48d5f4e","false"
"זנב התרנגול","en","Turkey Tail","chemotherapy","condition","69bb39bf2b171c8a6a8b798c","2026-03-18T23:48:15.693000","2026-03-18T23:48:15.693000","69987acaab66604ab48d5f4e","false"
"זנב התרנגול","en","Turkey Tail","gut health","benefit","69bb39bf2b171c8a6a8b798d","2026-03-18T23:48:15.693000","2026-03-18T23:48:15.693000","69987acaab66604ab48d5f4e","false"
"זנב התרנגול","en","Turkey Tail","microbiome","benefit","69bb39bf2b171c8a6a8b798e","2026-03-18T23:48:15.693000","2026-03-18T23:48:15.693000","69987acaab66604ab48d5f4e","false"
"זנב התרנגול","en","Turkey Tail","IBS","condition","69bb39bf2b171c8a6a8b798f","2026-03-18T23:48:15.693000","2026-03-18T23:48:15.693000","69987acaab66604ab48d5f4e","false"
"זנב התרנגול","en","Turkey Tail","leaky gut","condition","69bb39bf2b171c8a6a8b7990","2026-03-18T23:48:15.693000","2026-03-18T23:48:15.693000","69987acaab66604ab48d5f4e","false"
"זנב התרנגול","en","Turkey Tail","PSK","benefit","69bb39bf2b171c8a6a8b7991","2026-03-18T23:48:15.693000","2026-03-18T23:48:15.693000","69987acaab66604ab48d5f4e","false"
"זנב התרנגול","en","Turkey Tail","PSP","benefit","69bb39bf2b171c8a6a8b7992","2026-03-18T23:48:15.693000","2026-03-18T23:48:15.693000","69987acaab66604ab48d5f4e","false"
"זנב התרנגול","en","Turkey Tail","crohn","condition","69bb39bf2b171c8a6a8b7993","2026-03-18T23:48:15.693000","2026-03-18T23:48:15.693000","69987acaab66604ab48d5f4e","false"
"זנב התרנגול","en","Turkey Tail","candida","condition","69bb39bf2b171c8a6a8b7994","2026-03-18T23:48:15.693000","2026-03-18T23:48:15.693000","69987acaab66604ab48d5f4e","false"
"טרמלה","he","Tremella","טרמלה","name","69bb39bf2b171c8a6a8b7995","2026-03-18T23:48:15.693000","2026-03-18T23:48:15.693000","69987acaab66604ab48d5f4e","false"
"טרמלה","en","Tremella","Tremella","name","69bb39bf2b171c8a6a8b7996","2026-03-18T23:48:15.693000","2026-03-18T23:48:15.693000","69987acaab66604ab48d5f4e","false"
"טרמלה","en","Tremella","Tremella fuciformis","scientific_name","69bb39bf2b171c8a6a8b7997","2026-03-18T23:48:15.693000","2026-03-18T23:48:15.693000","69987acaab66604ab48d5f4e","false"
"טרמלה","he","Tremella","עור","benefit","69bb39bf2b171c8a6a8b7998","2026-03-18T23:48:15.693000","2026-03-18T23:48:15.693000","69987acaab66604ab48d5f4e","false"
"טרמלה","he","Tremella","לחות","benefit","69bb39bf2b171c8a6a8b7999","2026-03-18T23:48:15.693000","2026-03-18T23:48:15.693000","69987acaab66604ab48d5f4e","false"
"רעמת האריה","he","Lion's Mane","רעמת האריה","name","69bb39bf2b171c8a6a8b78fa","2026-03-18T23:48:15.692000","2026-03-18T23:48:15.692000","69987acaab66604ab48d5f4e","false"
"רעמת האריה","en","Lion's Mane","Lion's Mane","name","69bb39bf2b171c8a6a8b78fb","2026-03-18T23:48:15.692000","2026-03-18T23:48:15.692000","69987acaab66604ab48d5f4e","false"
"רעמת האריה","en","Lion's Mane","Hericium erinaceus","scientific_name","69bb39bf2b171c8a6a8b78fc","2026-03-18T23:48:15.692000","2026-03-18T23:48:15.692000","69987acaab66604ab48d5f4e","false"
"רעמת האריה","he","Lion's Mane","זיכרון","benefit","69bb39bf2b171c8a6a8b78fd","2026-03-18T23:48:15.692000","2026-03-18T23:48:15.692000","69987acaab66604ab48d5f4e","false"
"רעמת האריה","he","Lion's Mane","ריכוז","benefit","69bb39bf2b171c8a6a8b78fe","2026-03-18T23:48:15.692000","2026-03-18T23:48:15.692000","69987acaab66604ab48d5f4e","false"
"רעמת האריה","he","Lion's Mane","פוקוס","benefit","69bb39bf2b171c8a6a8b78ff","2026-03-18T23:48:15.692000","2026-03-18T23:48:15.692000","69987acaab66604ab48d5f4e","false"
"רעמת האריה","he","Lion's Mane","ערפל מחשבתי","symptom","69bb39bf2b171c8a6a8b7900","2026-03-18T23:48:15.692000","2026-03-18T23:48:15.692000","69987acaab66604ab48d5f4e","false"
"רעמת האריה","he","Lion's Mane","מוח","benefit","69bb39bf2b171c8a6a8b7901","2026-03-18T23:48:15.692000","2026-03-18T23:48:15.692000","69987acaab66604ab48d5f4e","false"
"רעמת האריה","he","Lion's Mane","קוגניציה","benefit","69bb39bf2b171c8a6a8b7902","2026-03-18T23:48:15.692000","2026-03-18T23:48:15.692000","69987acaab66604ab48d5f4e","false"
"רעמת האריה","he","Lion's Mane","NGF","benefit","69bb39bf2b171c8a6a8b7903","2026-03-18T23:48:15.692000","2026-03-18T23:48:15.692000","69987acaab66604ab48d5f4e","false"
"רעמת האריה","he","Lion's Mane","אלצהיימר","condition","69bb39bf2b171c8a6a8b7904","2026-03-18T23:48:15.692000","2026-03-18T23:48:15.692000","69987acaab66604ab48d5f4e","false"
"רעמת האריה","he","Lion's Mane","דמנציה","condition","69bb39bf2b171c8a6a8b7905","2026-03-18T23:48:15.692000","2026-03-18T23:48:15.692000","69987acaab66604ab48d5f4e","false"
"רעמת האריה","he","Lion's Mane","ירידה קוגניטיבית","condition","69bb39bf2b171c8a6a8b7906","2026-03-18T23:48:15.692000","2026-03-18T23:48:15.692000","69987acaab66604ab48d5f4e","false"
"רעמת האריה","he","Lion's Mane","דיכאון","condition","69bb39bf2b171c8a6a8b7907","2026-03-18T23:48:15.692000","2026-03-18T23:48:15.692000","69987acaab66604ab48d5f4e","false"
"רעמת האריה","he","Lion's Mane","חרדה","condition","69bb39bf2b171c8a6a8b7908","2026-03-18T23:48:15.692000","2026-03-18T23:48:15.692000","69987acaab66604ab48d5f4e","false"
"רעמת האריה","he","Lion's Mane","פרקינסון","condition","69bb39bf2b171c8a6a8b7909","2026-03-18T23:48:15.692000","2026-03-18T23:48:15.692000","69987acaab66604ab48d5f4e","false"
"רעמת האריה","he","Lion's Mane","טרשת נפוצה","condition","69bb39bf2b171c8a6a8b790a","2026-03-18T23:48:15.692000","2026-03-18T23:48:15.692000","69987acaab66604ab48d5f4e","false"
"רעמת האריה","he","Lion's Mane","מעי רגיז","condition","69bb39bf2b171c8a6a8b790b","2026-03-18T23:48:15.692000","2026-03-18T23:48:15.692000","69987acaab66604ab48d5f4e","false"
"רעמת האריה","he","Lion's Mane","קרוהן","condition","69bb39bf2b171c8a6a8b790c","2026-03-18T23:48:15.692000","2026-03-18T23:48:15.692000","69987acaab66604ab48d5f4e","false"
"רעמת האריה","he","Lion's Mane","קוליטיס","condition","69bb39bf2b171c8a6a8b790d","2026-03-18T23:48:15.692000","2026-03-18T23:48:15.692000","69987acaab66604ab48d5f4e","false"
"רעמת האריה","he","Lion's Mane","פסוריאזיס","condition","69bb39bf2b171c8a6a8b790e","2026-03-18T23:48:15.692000","2026-03-18T23:48:15.692000","69987acaab66604ab48d5f4e","false"
"רעמת האריה","en","Lion's Mane","memory","benefit","69bb39bf2b171c8a6a8b790f","2026-03-18T23:48:15.692000","2026-03-18T23:48:15.692000","69987acaab66604ab48d5f4e","false"
"רעמת האריה","en","Lion's Mane","focus","benefit","69bb39bf2b171c8a6a8b7910","2026-03-18T23:48:15.692000","2026-03-18T23:48:15.692000","69987acaab66604ab48d5f4e","false"
"רעמת האריה","en","Lion's Mane","concentration","benefit","69bb39bf2b171c8a6a8b7911","2026-03-18T23:48:15.692000","2026-03-18T23:48:15.692000","69987acaab66604ab48d5f4e","false"
"רעמת האריה","en","Lion's Mane","brain fog","symptom","69bb39bf2b171c8a6a8b7912","2026-03-18T23:48:15.692000","2026-03-18T23:48:15.692000","69987acaab66604ab48d5f4e","false"
"רעמת האריה","en","Lion's Mane","alzheimer","condition","69bb39bf2b171c8a6a8b7913","2026-03-18T23:48:15.692000","2026-03-18T23:48:15.692000","69987acaab66604ab48d5f4e","false"
"רעמת האריה","en","Lion's Mane","dementia","condition","69bb39bf2b171c8a6a8b7914","2026-03-18T23:48:15.692000","2026-03-18T23:48:15.692000","69987acaab66604ab48d5f4e","false"
"רעמת האריה","en","Lion's Mane","depression","condition","69bb39bf2b171c8a6a8b7915","2026-03-18T23:48:15.692000","2026-03-18T23:48:15.692000","69987acaab66604ab48d5f4e","false"
"רעמת האריה","en","Lion's Mane","anxiety","condition","69bb39bf2b171c8a6a8b7916","2026-03-18T23:48:15.692000","2026-03-18T23:48:15.692000","69987acaab66604ab48d5f4e","false"
"רעמת האריה","en","Lion's Mane","parkinson","condition","69bb39bf2b171c8a6a8b7917","2026-03-18T23:48:15.692000","2026-03-18T23:48:15.692000","69987acaab66604ab48d5f4e","false"
"רעמת האריה","en","Lion's Mane","multiple sclerosis","condition","69bb39bf2b171c8a6a8b7918","2026-03-18T23:48:15.692000","2026-03-18T23:48:15.692000","69987acaab66604ab48d5f4e","false"
"רעמת האריה","en","Lion's Mane","IBS","condition","69bb39bf2b171c8a6a8b7919","2026-03-18T23:48:15.692000","2026-03-18T23:48:15.692000","69987acaab66604ab48d5f4e","false"
"רעמת האריה","en","Lion's Mane","nerve regeneration","benefit","69bb39bf2b171c8a6a8b791a","2026-03-18T23:48:15.692000","2026-03-18T23:48:15.692000","69987acaab66604ab48d5f4e","false"
"רעמת האריה","en","Lion's Mane","cognitive decline","condition","69bb39bf2b171c8a6a8b791b","2026-03-18T23:48:15.692000","2026-03-18T23:48:15.692000","69987acaab66604ab48d5f4e","false"
"ריישי","he","Reishi","ריישי","name","69bb39bf2b171c8a6a8b791c","2026-03-18T23:48:15.692000","2026-03-18T23:48:15.692000","69987acaab66604ab48d5f4e","false"
"ריישי","en","Reishi","Reishi","name","69bb39bf2b171c8a6a8b791d","2026-03-18T23:48:15.692000","2026-03-18T23:48:15.692000","69987acaab66604ab48d5f4e","false"
"ריישי","en","Reishi","Ganoderma lucidum","scientific_name","69bb39bf2b171c8a6a8b791e","2026-03-18T23:48:15.692000","2026-03-18T23:48:15.692000","69987acaab66604ab48d5f4e","false"
"ריישי","he","Reishi","שינה","benefit","69bb39bf2b171c8a6a8b791f","2026-03-18T23:48:15.692000","2026-03-18T23:48:15.692000","69987acaab66604ab48d5f4e","false"
"ריישי","he","Reishi","נדודי שינה","condition","69bb39bf2b171c8a6a8b7920","2026-03-18T23:48:15.692000","2026-03-18T23:48:15.692000","69987acaab66604ab48d5f4e","false"
"ריישי","he","Reishi","לחץ","symptom","69bb39bf2b171c8a6a8b7921","2026-03-18T23:48:15.692000","2026-03-18T23:48:15.692000","69987acaab66604ab48d5f4e","false"
"ריישי","he","Reishi","סטרס","symptom","69bb39bf2b171c8a6a8b7922","2026-03-18T23:48:15.692000","2026-03-18T23:48:15.692000","69987acaab66604ab48d5f4e","false"
"ריישי","he","Reishi","חרדה","condition","69bb39bf2b171c8a6a8b7923","2026-03-18T23:48:15.692000","2026-03-18T23:48:15.692000","69987acaab66604ab48d5f4e","false"
"ריישי","he","Reishi","דיכאון","condition","69bb39bf2b171c8a6a8b7924","2026-03-18T23:48:15.692000","2026-03-18T23:48:15.692000","69987acaab66604ab48d5f4e","false"
"ריישי","he","Reishi","מערכת חיסון","benefit","69bb39bf2b171c8a6a8b7925","2026-03-18T23:48:15.692000","2026-03-18T23:48:15.692000","69987acaab66604ab48d5f4e","false"
"ריישי","he","Reishi","לחץ דם","condition","69bb39bf2b171c8a6a8b7926","2026-03-18T23:48:15.692000","2026-03-18T23:48:15.692000","69987acaab66604ab48d5f4e","false"
"ריישי","he","Reishi","כולסטרול","condition","69bb39bf2b171c8a6a8b7927","2026-03-18T23:48:15.692000","2026-03-18T23:48:15.692000","69987acaab66604ab48d5f4e","false"
"ריישי","he","Reishi","כבד","condition","69bb39bf2b171c8a6a8b7928","2026-03-18T23:48:15.692000","2026-03-18T23:48:15.692000","69987acaab66604ab48d5f4e","false"
"ריישי","he","Reishi","סכרת","condition","69bb39bf2b171c8a6a8b7929","2026-03-18T23:48:15.692000","2026-03-18T23:48:15.692000","69987acaab66604ab48d5f4e","false"
"ריישי","he","Reishi","סרטן","condition","69bb39bf2b171c8a6a8b792a","2026-03-18T23:48:15.692000","2026-03-18T23:48:15.692000","69987acaab66604ab48d5f4e","false"
"ריישי","he","Reishi","אוטואימוני","condition","69bb39bf2b171c8a6a8b792b","2026-03-18T23:48:15.692000","2026-03-18T23:48:15.692000","69987acaab66604ab48d5f4e","false"
"ריישי","he","Reishi","פיברומיאלגיה","condition","69bb39bf2b171c8a6a8b792c","2026-03-18T23:48:15.692000","2026-03-18T23:48:15.692000","69987acaab66604ab48d5f4e","false"
"ריישי","he","Reishi","אסתמה","condition","69bb39bf2b171c8a6a8b792d","2026-03-18T23:48:15.692000","2026-03-18T23:48:15.692000","69987acaab66604ab48d5f4e","false"